Nombre;Código municipal;Archivo;URL
Ademuz;46001;municipios/ademuz-46001.html;https://tallermap.es/municipios/ademuz-46001.html
Ador;46002;municipios/ador-46002.html;https://tallermap.es/municipios/ador-46002.html
Agost;03002;municipios/agost-03002.html;https://tallermap.es/municipios/agost-03002.html
Agres;03003;municipios/agres-03003.html;https://tallermap.es/municipios/agres-03003.html
Agullent;46004;municipios/agullent-46004.html;https://tallermap.es/municipios/agullent-46004.html
Aielo de Malferit;46042;municipios/aielo-de-malferit-46042.html;https://tallermap.es/municipios/aielo-de-malferit-46042.html
Aielo de Rugat;46043;municipios/aielo-de-rugat-46043.html;https://tallermap.es/municipios/aielo-de-rugat-46043.html
Aigües;03004;municipios/aigues-03004.html;https://tallermap.es/municipios/aigues-03004.html
Aín;12002;municipios/ain-12002.html;https://tallermap.es/municipios/ain-12002.html
Alacant/Alicante;03014;municipios/alacant-alicante-03014.html;https://tallermap.es/municipios/alacant-alicante-03014.html
Alaquàs;46005;municipios/alaquas-46005.html;https://tallermap.es/municipios/alaquas-46005.html
Albaida;46006;municipios/albaida-46006.html;https://tallermap.es/municipios/albaida-46006.html
Albal;46007;municipios/albal-46007.html;https://tallermap.es/municipios/albal-46007.html
Albalat de la Ribera;46008;municipios/albalat-de-la-ribera-46008.html;https://tallermap.es/municipios/albalat-de-la-ribera-46008.html
Albalat dels Sorells;46009;municipios/albalat-dels-sorells-46009.html;https://tallermap.es/municipios/albalat-dels-sorells-46009.html
Albalat dels Tarongers;46010;municipios/albalat-dels-tarongers-46010.html;https://tallermap.es/municipios/albalat-dels-tarongers-46010.html
Albatera;03005;municipios/albatera-03005.html;https://tallermap.es/municipios/albatera-03005.html
Alberic;46011;municipios/alberic-46011.html;https://tallermap.es/municipios/alberic-46011.html
Albocàsser;12003;municipios/albocasser-12003.html;https://tallermap.es/municipios/albocasser-12003.html
Alborache;46012;municipios/alborache-46012.html;https://tallermap.es/municipios/alborache-46012.html
Alboraia/Alboraya;46013;municipios/alboraia-alboraya-46013.html;https://tallermap.es/municipios/alboraia-alboraya-46013.html
Albuixech;46014;municipios/albuixech-46014.html;https://tallermap.es/municipios/albuixech-46014.html
Alcalà de Xivert;12004;municipios/alcala-de-xivert-12004.html;https://tallermap.es/municipios/alcala-de-xivert-12004.html
Alcalalí;03006;municipios/alcalali-03006.html;https://tallermap.es/municipios/alcalali-03006.html
Alcàntera de Xúquer;46016;municipios/alcantera-de-xuquer-46016.html;https://tallermap.es/municipios/alcantera-de-xuquer-46016.html
Alcàsser;46015;municipios/alcasser-46015.html;https://tallermap.es/municipios/alcasser-46015.html
Alcoi/Alcoy;03009;municipios/alcoi-alcoy-03009.html;https://tallermap.es/municipios/alcoi-alcoy-03009.html
Alcoleja;03008;municipios/alcoleja-03008.html;https://tallermap.es/municipios/alcoleja-03008.html
Alcosser;03007;municipios/alcosser-03007.html;https://tallermap.es/municipios/alcosser-03007.html
Alcublas;46018;municipios/alcublas-46018.html;https://tallermap.es/municipios/alcublas-46018.html
Alcudia de Veo;12006;municipios/alcudia-de-veo-12006.html;https://tallermap.es/municipios/alcudia-de-veo-12006.html
Aldaia;46021;municipios/aldaia-46021.html;https://tallermap.es/municipios/aldaia-46021.html
Alfafar;46022;municipios/alfafar-46022.html;https://tallermap.es/municipios/alfafar-46022.html
Alfafara;03010;municipios/alfafara-03010.html;https://tallermap.es/municipios/alfafara-03010.html
Alfara de la Baronia;46024;municipios/alfara-de-la-baronia-46024.html;https://tallermap.es/municipios/alfara-de-la-baronia-46024.html
Alfara del Patriarca;46025;municipios/alfara-del-patriarca-46025.html;https://tallermap.es/municipios/alfara-del-patriarca-46025.html
Alfarb;46026;municipios/alfarb-46026.html;https://tallermap.es/municipios/alfarb-46026.html
Alfarrasí;46027;municipios/alfarrasi-46027.html;https://tallermap.es/municipios/alfarrasi-46027.html
Alfauir;46023;municipios/alfauir-46023.html;https://tallermap.es/municipios/alfauir-46023.html
Alfondeguilla;12007;municipios/alfondeguilla-12007.html;https://tallermap.es/municipios/alfondeguilla-12007.html
Algar de Palància;46028;municipios/algar-de-palancia-46028.html;https://tallermap.es/municipios/algar-de-palancia-46028.html
Algemesí;46029;municipios/algemesi-46029.html;https://tallermap.es/municipios/algemesi-46029.html
Algímia d'Alfara;46030;municipios/algimia-dalfara-46030.html;https://tallermap.es/municipios/algimia-dalfara-46030.html
Algimia de Almonacid;12008;municipios/algimia-de-almonacid-12008.html;https://tallermap.es/municipios/algimia-de-almonacid-12008.html
Alginet;46031;municipios/alginet-46031.html;https://tallermap.es/municipios/alginet-46031.html
Algorfa;03012;municipios/algorfa-03012.html;https://tallermap.es/municipios/algorfa-03012.html
Algueña;03013;municipios/alguena-03013.html;https://tallermap.es/municipios/alguena-03013.html
Almàssera;46032;municipios/almassera-46032.html;https://tallermap.es/municipios/almassera-46032.html
Almassora;12009;municipios/almassora-12009.html;https://tallermap.es/municipios/almassora-12009.html
Almedíjar;12010;municipios/almedijar-12010.html;https://tallermap.es/municipios/almedijar-12010.html
Almenara;12011;municipios/almenara-12011.html;https://tallermap.es/municipios/almenara-12011.html
Almiserà;46033;municipios/almisera-46033.html;https://tallermap.es/municipios/almisera-46033.html
Almoines;46034;municipios/almoines-46034.html;https://tallermap.es/municipios/almoines-46034.html
Almoradí;03015;municipios/almoradi-03015.html;https://tallermap.es/municipios/almoradi-03015.html
Almudaina;03016;municipios/almudaina-03016.html;https://tallermap.es/municipios/almudaina-03016.html
Almussafes;46035;municipios/almussafes-46035.html;https://tallermap.es/municipios/almussafes-46035.html
Alpuente;46036;municipios/alpuente-46036.html;https://tallermap.es/municipios/alpuente-46036.html
Altea;03018;municipios/altea-03018.html;https://tallermap.es/municipios/altea-03018.html
Altura;12012;municipios/altura-12012.html;https://tallermap.es/municipios/altura-12012.html
Alzira;46017;municipios/alzira-46017.html;https://tallermap.es/municipios/alzira-46017.html
Andilla;46038;municipios/andilla-46038.html;https://tallermap.es/municipios/andilla-46038.html
Anna;46039;municipios/anna-46039.html;https://tallermap.es/municipios/anna-46039.html
Antella;46040;municipios/antella-46040.html;https://tallermap.es/municipios/antella-46040.html
Arañuel;12013;municipios/aranuel-12013.html;https://tallermap.es/municipios/aranuel-12013.html
Aras de los Olmos;46041;municipios/aras-de-los-olmos-46041.html;https://tallermap.es/municipios/aras-de-los-olmos-46041.html
Ares del Maestrat;12014;municipios/ares-del-maestrat-12014.html;https://tallermap.es/municipios/ares-del-maestrat-12014.html
Argelita;12015;municipios/argelita-12015.html;https://tallermap.es/municipios/argelita-12015.html
Artana;12016;municipios/artana-12016.html;https://tallermap.es/municipios/artana-12016.html
Aspe;03019;municipios/aspe-03019.html;https://tallermap.es/municipios/aspe-03019.html
Atzeneta d'Albaida;46003;municipios/atzeneta-dalbaida-46003.html;https://tallermap.es/municipios/atzeneta-dalbaida-46003.html
Atzeneta del Maestrat;12001;municipios/atzeneta-del-maestrat-12001.html;https://tallermap.es/municipios/atzeneta-del-maestrat-12001.html
Ayódar;12017;municipios/ayodar-12017.html;https://tallermap.es/municipios/ayodar-12017.html
Ayora;46044;municipios/ayora-46044.html;https://tallermap.es/municipios/ayora-46044.html
Azuébar;12018;municipios/azuebar-12018.html;https://tallermap.es/municipios/azuebar-12018.html
Balones;03020;municipios/balones-03020.html;https://tallermap.es/municipios/balones-03020.html
Banyeres de Mariola;03021;municipios/banyeres-de-mariola-03021.html;https://tallermap.es/municipios/banyeres-de-mariola-03021.html
Barracas;12020;municipios/barracas-12020.html;https://tallermap.es/municipios/barracas-12020.html
Barx;46046;municipios/barx-46046.html;https://tallermap.es/municipios/barx-46046.html
Barxeta;46045;municipios/barxeta-46045.html;https://tallermap.es/municipios/barxeta-46045.html
Bejís;12022;municipios/bejis-12022.html;https://tallermap.es/municipios/bejis-12022.html
Bèlgida;46047;municipios/belgida-46047.html;https://tallermap.es/municipios/belgida-46047.html
Bellreguard;46048;municipios/bellreguard-46048.html;https://tallermap.es/municipios/bellreguard-46048.html
Bellús;46049;municipios/bellus-46049.html;https://tallermap.es/municipios/bellus-46049.html
Benafer;12024;municipios/benafer-12024.html;https://tallermap.es/municipios/benafer-12024.html
Benafigos;12025;municipios/benafigos-12025.html;https://tallermap.es/municipios/benafigos-12025.html
Benagéber;46050;municipios/benageber-46050.html;https://tallermap.es/municipios/benageber-46050.html
Benaguasil;46051;municipios/benaguasil-46051.html;https://tallermap.es/municipios/benaguasil-46051.html
Benasau;03022;municipios/benasau-03022.html;https://tallermap.es/municipios/benasau-03022.html
Benassal;12026;municipios/benassal-12026.html;https://tallermap.es/municipios/benassal-12026.html
Benavites;46052;municipios/benavites-46052.html;https://tallermap.es/municipios/benavites-46052.html
Beneixama;03023;municipios/beneixama-03023.html;https://tallermap.es/municipios/beneixama-03023.html
Beneixida;46053;municipios/beneixida-46053.html;https://tallermap.es/municipios/beneixida-46053.html
Benejúzar;03024;municipios/benejuzar-03024.html;https://tallermap.es/municipios/benejuzar-03024.html
Benetússer;46054;municipios/benetusser-46054.html;https://tallermap.es/municipios/benetusser-46054.html
Benferri;03025;municipios/benferri-03025.html;https://tallermap.es/municipios/benferri-03025.html
Beniarbeig;03026;municipios/beniarbeig-03026.html;https://tallermap.es/municipios/beniarbeig-03026.html
Beniardà;03027;municipios/beniarda-03027.html;https://tallermap.es/municipios/beniarda-03027.html
Beniarjó;46055;municipios/beniarjo-46055.html;https://tallermap.es/municipios/beniarjo-46055.html
Beniarrés;03028;municipios/beniarres-03028.html;https://tallermap.es/municipios/beniarres-03028.html
Beniatjar;46056;municipios/beniatjar-46056.html;https://tallermap.es/municipios/beniatjar-46056.html
Benicarló;12027;municipios/benicarlo-12027.html;https://tallermap.es/municipios/benicarlo-12027.html
Benicàssim/Benicasim;12028;municipios/benicassim-benicasim-12028.html;https://tallermap.es/municipios/benicassim-benicasim-12028.html
Benicolet;46057;municipios/benicolet-46057.html;https://tallermap.es/municipios/benicolet-46057.html
Benicull de Xúquer;46904;municipios/benicull-de-xuquer-46904.html;https://tallermap.es/municipios/benicull-de-xuquer-46904.html
Benidoleig;03030;municipios/benidoleig-03030.html;https://tallermap.es/municipios/benidoleig-03030.html
Benidorm;03031;municipios/benidorm-03031.html;https://tallermap.es/municipios/benidorm-03031.html
Benifaió;46060;municipios/benifaio-46060.html;https://tallermap.es/municipios/benifaio-46060.html
Benifairó de la Valldigna;46059;municipios/benifairo-de-la-valldigna-46059.html;https://tallermap.es/municipios/benifairo-de-la-valldigna-46059.html
Benifairó de les Valls;46058;municipios/benifairo-de-les-valls-46058.html;https://tallermap.es/municipios/benifairo-de-les-valls-46058.html
Benifallim;03032;municipios/benifallim-03032.html;https://tallermap.es/municipios/benifallim-03032.html
Benifato;03033;municipios/benifato-03033.html;https://tallermap.es/municipios/benifato-03033.html
Beniflá;46061;municipios/benifla-46061.html;https://tallermap.es/municipios/benifla-46061.html
Benigànim;46062;municipios/beniganim-46062.html;https://tallermap.es/municipios/beniganim-46062.html
Benigembla;03029;municipios/benigembla-03029.html;https://tallermap.es/municipios/benigembla-03029.html
Benijófar;03034;municipios/benijofar-03034.html;https://tallermap.es/municipios/benijofar-03034.html
Benilloba;03035;municipios/benilloba-03035.html;https://tallermap.es/municipios/benilloba-03035.html
Benillup;03036;municipios/benillup-03036.html;https://tallermap.es/municipios/benillup-03036.html
Benimantell;03037;municipios/benimantell-03037.html;https://tallermap.es/municipios/benimantell-03037.html
Benimarfull;03038;municipios/benimarfull-03038.html;https://tallermap.es/municipios/benimarfull-03038.html
Benimassot;03039;municipios/benimassot-03039.html;https://tallermap.es/municipios/benimassot-03039.html
Benimeli;03040;municipios/benimeli-03040.html;https://tallermap.es/municipios/benimeli-03040.html
Benimodo;46063;municipios/benimodo-46063.html;https://tallermap.es/municipios/benimodo-46063.html
Benimuslem;46064;municipios/benimuslem-46064.html;https://tallermap.es/municipios/benimuslem-46064.html
Beniparrell;46065;municipios/beniparrell-46065.html;https://tallermap.es/municipios/beniparrell-46065.html
Benirredrà;46066;municipios/benirredra-46066.html;https://tallermap.es/municipios/benirredra-46066.html
Benissa;03041;municipios/benissa-03041.html;https://tallermap.es/municipios/benissa-03041.html
Benissanó;46067;municipios/benissano-46067.html;https://tallermap.es/municipios/benissano-46067.html
Benissoda;46068;municipios/benissoda-46068.html;https://tallermap.es/municipios/benissoda-46068.html
Benissuera;46069;municipios/benissuera-46069.html;https://tallermap.es/municipios/benissuera-46069.html
Benlloc;12029;municipios/benlloc-12029.html;https://tallermap.es/municipios/benlloc-12029.html
Bétera;46070;municipios/betera-46070.html;https://tallermap.es/municipios/betera-46070.html
Betxí;12021;municipios/betxi-12021.html;https://tallermap.es/municipios/betxi-12021.html
Biar;03043;municipios/biar-03043.html;https://tallermap.es/municipios/biar-03043.html
Bicorp;46071;municipios/bicorp-46071.html;https://tallermap.es/municipios/bicorp-46071.html
Bigastro;03044;municipios/bigastro-03044.html;https://tallermap.es/municipios/bigastro-03044.html
Bocairent;46072;municipios/bocairent-46072.html;https://tallermap.es/municipios/bocairent-46072.html
Bolbaite;46073;municipios/bolbaite-46073.html;https://tallermap.es/municipios/bolbaite-46073.html
Bolulla;03045;municipios/bolulla-03045.html;https://tallermap.es/municipios/bolulla-03045.html
Bonrepòs i Mirambell;46074;municipios/bonrepos-i-mirambell-46074.html;https://tallermap.es/municipios/bonrepos-i-mirambell-46074.html
Borriana/Burriana;12032;municipios/borriana-burriana-12032.html;https://tallermap.es/municipios/borriana-burriana-12032.html
Borriol;12031;municipios/borriol-12031.html;https://tallermap.es/municipios/borriol-12031.html
Bufali;46075;municipios/bufali-46075.html;https://tallermap.es/municipios/bufali-46075.html
Bugarra;46076;municipios/bugarra-46076.html;https://tallermap.es/municipios/bugarra-46076.html
Buñol;46077;municipios/bunol-46077.html;https://tallermap.es/municipios/bunol-46077.html
Burjassot;46078;municipios/burjassot-46078.html;https://tallermap.es/municipios/burjassot-46078.html
Busot;03046;municipios/busot-03046.html;https://tallermap.es/municipios/busot-03046.html
Cabanes;12033;municipios/cabanes-12033.html;https://tallermap.es/municipios/cabanes-12033.html
Càlig;12034;municipios/calig-12034.html;https://tallermap.es/municipios/calig-12034.html
Calles;46079;municipios/calles-46079.html;https://tallermap.es/municipios/calles-46079.html
Callosa d'en Sarrià;03048;municipios/callosa-den-sarria-03048.html;https://tallermap.es/municipios/callosa-den-sarria-03048.html
Callosa de Segura;03049;municipios/callosa-de-segura-03049.html;https://tallermap.es/municipios/callosa-de-segura-03049.html
Calp;03047;municipios/calp-03047.html;https://tallermap.es/municipios/calp-03047.html
Camporrobles;46080;municipios/camporrobles-46080.html;https://tallermap.es/municipios/camporrobles-46080.html
Cañada;03052;municipios/canada-03052.html;https://tallermap.es/municipios/canada-03052.html
Canals;46081;municipios/canals-46081.html;https://tallermap.es/municipios/canals-46081.html
Canet d'En Berenguer;46082;municipios/canet-den-berenguer-46082.html;https://tallermap.es/municipios/canet-den-berenguer-46082.html
Canet lo Roig;12036;municipios/canet-lo-roig-12036.html;https://tallermap.es/municipios/canet-lo-roig-12036.html
Carcaixent;46083;municipios/carcaixent-46083.html;https://tallermap.es/municipios/carcaixent-46083.html
Càrcer;46084;municipios/carcer-46084.html;https://tallermap.es/municipios/carcer-46084.html
Carlet;46085;municipios/carlet-46085.html;https://tallermap.es/municipios/carlet-46085.html
Carrícola;46086;municipios/carricola-46086.html;https://tallermap.es/municipios/carricola-46086.html
Casas Altas;46087;municipios/casas-altas-46087.html;https://tallermap.es/municipios/casas-altas-46087.html
Casas Bajas;46088;municipios/casas-bajas-46088.html;https://tallermap.es/municipios/casas-bajas-46088.html
Casinos;46089;municipios/casinos-46089.html;https://tallermap.es/municipios/casinos-46089.html
Castalla;03053;municipios/castalla-03053.html;https://tallermap.es/municipios/castalla-03053.html
Castell de Cabres;12037;municipios/castell-de-cabres-12037.html;https://tallermap.es/municipios/castell-de-cabres-12037.html
Castell de Castells;03054;municipios/castell-de-castells-03054.html;https://tallermap.es/municipios/castell-de-castells-03054.html
Castellfort;12038;municipios/castellfort-12038.html;https://tallermap.es/municipios/castellfort-12038.html
Castellnovo;12039;municipios/castellnovo-12039.html;https://tallermap.es/municipios/castellnovo-12039.html
Castelló;46257;municipios/castello-46257.html;https://tallermap.es/municipios/castello-46257.html
Castelló de la Plana/Castellón de la Plana;12040;municipios/castello-de-la-plana-castellon-de-la-plana-12040.html;https://tallermap.es/municipios/castello-de-la-plana-castellon-de-la-plana-12040.html
Castelló de Rugat;46090;municipios/castello-de-rugat-46090.html;https://tallermap.es/municipios/castello-de-rugat-46090.html
Castellonet de la Conquesta;46091;municipios/castellonet-de-la-conquesta-46091.html;https://tallermap.es/municipios/castellonet-de-la-conquesta-46091.html
Castielfabib;46092;municipios/castielfabib-46092.html;https://tallermap.es/municipios/castielfabib-46092.html
Castillo de Villamalefa;12041;municipios/castillo-de-villamalefa-12041.html;https://tallermap.es/municipios/castillo-de-villamalefa-12041.html
Catadau;46093;municipios/catadau-46093.html;https://tallermap.es/municipios/catadau-46093.html
Catarroja;46094;municipios/catarroja-46094.html;https://tallermap.es/municipios/catarroja-46094.html
Catí;12042;municipios/cati-12042.html;https://tallermap.es/municipios/cati-12042.html
Catral;03055;municipios/catral-03055.html;https://tallermap.es/municipios/catral-03055.html
Caudete de las Fuentes;46095;municipios/caudete-de-las-fuentes-46095.html;https://tallermap.es/municipios/caudete-de-las-fuentes-46095.html
Caudiel;12043;municipios/caudiel-12043.html;https://tallermap.es/municipios/caudiel-12043.html
Cerdà;46096;municipios/cerda-46096.html;https://tallermap.es/municipios/cerda-46096.html
Cervera del Maestre;12044;municipios/cervera-del-maestre-12044.html;https://tallermap.es/municipios/cervera-del-maestre-12044.html
Chella;46107;municipios/chella-46107.html;https://tallermap.es/municipios/chella-46107.html
Chelva;46106;municipios/chelva-46106.html;https://tallermap.es/municipios/chelva-46106.html
Chera;46108;municipios/chera-46108.html;https://tallermap.es/municipios/chera-46108.html
Cheste;46109;municipios/cheste-46109.html;https://tallermap.es/municipios/cheste-46109.html
Chilches/Xilxes;12053;municipios/chilches-xilxes-12053.html;https://tallermap.es/municipios/chilches-xilxes-12053.html
Chiva;46111;municipios/chiva-46111.html;https://tallermap.es/municipios/chiva-46111.html
Chóvar;12056;municipios/chovar-12056.html;https://tallermap.es/municipios/chovar-12056.html
Chulilla;46112;municipios/chulilla-46112.html;https://tallermap.es/municipios/chulilla-46112.html
Cinctorres;12045;municipios/cinctorres-12045.html;https://tallermap.es/municipios/cinctorres-12045.html
Cirat;12046;municipios/cirat-12046.html;https://tallermap.es/municipios/cirat-12046.html
Cocentaina;03056;municipios/cocentaina-03056.html;https://tallermap.es/municipios/cocentaina-03056.html
Cofrentes;46097;municipios/cofrentes-46097.html;https://tallermap.es/municipios/cofrentes-46097.html
Confrides;03057;municipios/confrides-03057.html;https://tallermap.es/municipios/confrides-03057.html
Corbera;46098;municipios/corbera-46098.html;https://tallermap.es/municipios/corbera-46098.html
Cortes de Arenoso;12048;municipios/cortes-de-arenoso-12048.html;https://tallermap.es/municipios/cortes-de-arenoso-12048.html
Cortes de Pallás;46099;municipios/cortes-de-pallas-46099.html;https://tallermap.es/municipios/cortes-de-pallas-46099.html
Costur;12049;municipios/costur-12049.html;https://tallermap.es/municipios/costur-12049.html
Cotes;46100;municipios/cotes-46100.html;https://tallermap.es/municipios/cotes-46100.html
Cox;03058;municipios/cox-03058.html;https://tallermap.es/municipios/cox-03058.html
Crevillent;03059;municipios/crevillent-03059.html;https://tallermap.es/municipios/crevillent-03059.html
Culla;12051;municipios/culla-12051.html;https://tallermap.es/municipios/culla-12051.html
Cullera;46105;municipios/cullera-46105.html;https://tallermap.es/municipios/cullera-46105.html
Daimús;46113;municipios/daimus-46113.html;https://tallermap.es/municipios/daimus-46113.html
Daya Nueva;03061;municipios/daya-nueva-03061.html;https://tallermap.es/municipios/daya-nueva-03061.html
Daya Vieja;03062;municipios/daya-vieja-03062.html;https://tallermap.es/municipios/daya-vieja-03062.html
Dénia;03063;municipios/denia-03063.html;https://tallermap.es/municipios/denia-03063.html
Dolores;03064;municipios/dolores-03064.html;https://tallermap.es/municipios/dolores-03064.html
Domeño;46114;municipios/domeno-46114.html;https://tallermap.es/municipios/domeno-46114.html
Dos Aguas;46115;municipios/dos-aguas-46115.html;https://tallermap.es/municipios/dos-aguas-46115.html
el Camp de Mirra/Campo de Mirra;03051;municipios/el-camp-de-mirra-campo-de-mirra-03051.html;https://tallermap.es/municipios/el-camp-de-mirra-campo-de-mirra-03051.html
el Campello;03050;municipios/el-campello-03050.html;https://tallermap.es/municipios/el-campello-03050.html
el Castell de Guadalest;03075;municipios/el-castell-de-guadalest-03075.html;https://tallermap.es/municipios/el-castell-de-guadalest-03075.html
Elda;03066;municipios/elda-03066.html;https://tallermap.es/municipios/elda-03066.html
el Fondó de les Neus/Hondón de las Nieves;03077;municipios/el-fondo-de-les-neus-hondon-de-las-nieves-03077.html;https://tallermap.es/municipios/el-fondo-de-les-neus-hondon-de-las-nieves-03077.html
el Genovés;46132;municipios/el-genoves-46132.html;https://tallermap.es/municipios/el-genoves-46132.html
el Palomar;46189;municipios/el-palomar-46189.html;https://tallermap.es/municipios/el-palomar-46189.html
el Pinós/Pinoso;03105;municipios/el-pinos-pinoso-03105.html;https://tallermap.es/municipios/el-pinos-pinoso-03105.html
el Poble Nou de Benitatxell/Benitachell;03042;municipios/el-poble-nou-de-benitatxell-benitachell-03042.html;https://tallermap.es/municipios/el-poble-nou-de-benitatxell-benitachell-03042.html
el Puig de Santa Maria;46204;municipios/el-puig-de-santa-maria-46204.html;https://tallermap.es/municipios/el-puig-de-santa-maria-46204.html
el Ràfol d'Almúnia;03110;municipios/el-rafol-dalmunia-03110.html;https://tallermap.es/municipios/el-rafol-dalmunia-03110.html
el Real de Gandia;46211;municipios/el-real-de-gandia-46211.html;https://tallermap.es/municipios/el-real-de-gandia-46211.html
els Poblets;03901;municipios/els-poblets-03901.html;https://tallermap.es/municipios/els-poblets-03901.html
El Toro;12115;municipios/el-toro-12115.html;https://tallermap.es/municipios/el-toro-12115.html
el Verger;03138;municipios/el-verger-03138.html;https://tallermap.es/municipios/el-verger-03138.html
Elx/Elche;03065;municipios/elx-elche-03065.html;https://tallermap.es/municipios/elx-elche-03065.html
Emperador;46117;municipios/emperador-46117.html;https://tallermap.es/municipios/emperador-46117.html
Enguera;46118;municipios/enguera-46118.html;https://tallermap.es/municipios/enguera-46118.html
Eslida;12057;municipios/eslida-12057.html;https://tallermap.es/municipios/eslida-12057.html
Espadilla;12058;municipios/espadilla-12058.html;https://tallermap.es/municipios/espadilla-12058.html
Estivella;46120;municipios/estivella-46120.html;https://tallermap.es/municipios/estivella-46120.html
Estubeny;46121;municipios/estubeny-46121.html;https://tallermap.es/municipios/estubeny-46121.html
Fageca;03067;municipios/fageca-03067.html;https://tallermap.es/municipios/fageca-03067.html
Famorca;03068;municipios/famorca-03068.html;https://tallermap.es/municipios/famorca-03068.html
Fanzara;12059;municipios/fanzara-12059.html;https://tallermap.es/municipios/fanzara-12059.html
Faura;46122;municipios/faura-46122.html;https://tallermap.es/municipios/faura-46122.html
Favara;46123;municipios/favara-46123.html;https://tallermap.es/municipios/favara-46123.html
Figueroles;12060;municipios/figueroles-12060.html;https://tallermap.es/municipios/figueroles-12060.html
Finestrat;03069;municipios/finestrat-03069.html;https://tallermap.es/municipios/finestrat-03069.html
Foios;46126;municipios/foios-46126.html;https://tallermap.es/municipios/foios-46126.html
Fontanars dels Alforins;46124;municipios/fontanars-dels-alforins-46124.html;https://tallermap.es/municipios/fontanars-dels-alforins-46124.html
Forcall;12061;municipios/forcall-12061.html;https://tallermap.es/municipios/forcall-12061.html
Formentera del Segura;03070;municipios/formentera-del-segura-03070.html;https://tallermap.es/municipios/formentera-del-segura-03070.html
Fortaleny;46125;municipios/fortaleny-46125.html;https://tallermap.es/municipios/fortaleny-46125.html
Fuente la Reina;12063;municipios/fuente-la-reina-12063.html;https://tallermap.es/municipios/fuente-la-reina-12063.html
Fuenterrobles;46129;municipios/fuenterrobles-46129.html;https://tallermap.es/municipios/fuenterrobles-46129.html
Fuentes de Ayódar;12064;municipios/fuentes-de-ayodar-12064.html;https://tallermap.es/municipios/fuentes-de-ayodar-12064.html
Gaianes;03072;municipios/gaianes-03072.html;https://tallermap.es/municipios/gaianes-03072.html
Gaibiel;12065;municipios/gaibiel-12065.html;https://tallermap.es/municipios/gaibiel-12065.html
Gandia;46131;municipios/gandia-46131.html;https://tallermap.es/municipios/gandia-46131.html
Gata de Gorgos;03071;municipios/gata-de-gorgos-03071.html;https://tallermap.es/municipios/gata-de-gorgos-03071.html
Gátova;46902;municipios/gatova-46902.html;https://tallermap.es/municipios/gatova-46902.html
Gavarda;46130;municipios/gavarda-46130.html;https://tallermap.es/municipios/gavarda-46130.html
Geldo;12067;municipios/geldo-12067.html;https://tallermap.es/municipios/geldo-12067.html
Gestalgar;46133;municipios/gestalgar-46133.html;https://tallermap.es/municipios/gestalgar-46133.html
Gilet;46134;municipios/gilet-46134.html;https://tallermap.es/municipios/gilet-46134.html
Godella;46135;municipios/godella-46135.html;https://tallermap.es/municipios/godella-46135.html
Godelleta;46136;municipios/godelleta-46136.html;https://tallermap.es/municipios/godelleta-46136.html
Gorga;03073;municipios/gorga-03073.html;https://tallermap.es/municipios/gorga-03073.html
Granja de Rocamora;03074;municipios/granja-de-rocamora-03074.html;https://tallermap.es/municipios/granja-de-rocamora-03074.html
Guadasséquies;46138;municipios/guadassequies-46138.html;https://tallermap.es/municipios/guadassequies-46138.html
Guadassuar;46139;municipios/guadassuar-46139.html;https://tallermap.es/municipios/guadassuar-46139.html
Guardamar de la Safor;46140;municipios/guardamar-de-la-safor-46140.html;https://tallermap.es/municipios/guardamar-de-la-safor-46140.html
Guardamar del Segura;03076;municipios/guardamar-del-segura-03076.html;https://tallermap.es/municipios/guardamar-del-segura-03076.html
Herbers;12068;municipios/herbers-12068.html;https://tallermap.es/municipios/herbers-12068.html
Higueras;12069;municipios/higueras-12069.html;https://tallermap.es/municipios/higueras-12069.html
Higueruelas;46141;municipios/higueruelas-46141.html;https://tallermap.es/municipios/higueruelas-46141.html
Hondón de los Frailes;03078;municipios/hondon-de-los-frailes-03078.html;https://tallermap.es/municipios/hondon-de-los-frailes-03078.html
Ibi;03079;municipios/ibi-03079.html;https://tallermap.es/municipios/ibi-03079.html
Jacarilla;03080;municipios/jacarilla-03080.html;https://tallermap.es/municipios/jacarilla-03080.html
Jalance;46142;municipios/jalance-46142.html;https://tallermap.es/municipios/jalance-46142.html
Jarafuel;46144;municipios/jarafuel-46144.html;https://tallermap.es/municipios/jarafuel-46144.html
Jérica;12071;municipios/jerica-12071.html;https://tallermap.es/municipios/jerica-12071.html
la Font de la Figuera;46128;municipios/la-font-de-la-figuera-46128.html;https://tallermap.es/municipios/la-font-de-la-figuera-46128.html
la Font d'en Carròs;46127;municipios/la-font-den-carros-46127.html;https://tallermap.es/municipios/la-font-den-carros-46127.html
la Granja de la Costera;46137;municipios/la-granja-de-la-costera-46137.html;https://tallermap.es/municipios/la-granja-de-la-costera-46137.html
la Jana;12070;municipios/la-jana-12070.html;https://tallermap.es/municipios/la-jana-12070.html
l'Alcora;12005;municipios/lalcora-12005.html;https://tallermap.es/municipios/lalcora-12005.html
l'Alcúdia;46019;municipios/lalcudia-46019.html;https://tallermap.es/municipios/lalcudia-46019.html
l'Alcúdia de Crespins;46020;municipios/lalcudia-de-crespins-46020.html;https://tallermap.es/municipios/lalcudia-de-crespins-46020.html
l'Alfàs del Pi;03011;municipios/lalfas-del-pi-03011.html;https://tallermap.es/municipios/lalfas-del-pi-03011.html
la Llosa;12074;municipios/la-llosa-12074.html;https://tallermap.es/municipios/la-llosa-12074.html
la Llosa de Ranes;46157;municipios/la-llosa-de-ranes-46157.html;https://tallermap.es/municipios/la-llosa-de-ranes-46157.html
l'Alqueria d'Asnar;03017;municipios/lalqueria-dasnar-03017.html;https://tallermap.es/municipios/lalqueria-dasnar-03017.html
l'Alqueria de la Comtessa;46037;municipios/lalqueria-de-la-comtessa-46037.html;https://tallermap.es/municipios/lalqueria-de-la-comtessa-46037.html
la Mata de Morella;12075;municipios/la-mata-de-morella-12075.html;https://tallermap.es/municipios/la-mata-de-morella-12075.html
la Nucia;03094;municipios/la-nucia-03094.html;https://tallermap.es/municipios/la-nucia-03094.html
la Pobla de Benifassà;12093;municipios/la-pobla-de-benifassa-12093.html;https://tallermap.es/municipios/la-pobla-de-benifassa-12093.html
la Pobla de Farnals;46199;municipios/la-pobla-de-farnals-46199.html;https://tallermap.es/municipios/la-pobla-de-farnals-46199.html
la Pobla del Duc;46200;municipios/la-pobla-del-duc-46200.html;https://tallermap.es/municipios/la-pobla-del-duc-46200.html
la Pobla de Vallbona;46202;municipios/la-pobla-de-vallbona-46202.html;https://tallermap.es/municipios/la-pobla-de-vallbona-46202.html
la Pobla Llarga;46203;municipios/la-pobla-llarga-46203.html;https://tallermap.es/municipios/la-pobla-llarga-46203.html
la Pobla Tornesa;12094;municipios/la-pobla-tornesa-12094.html;https://tallermap.es/municipios/la-pobla-tornesa-12094.html
la Romana;03114;municipios/la-romana-03114.html;https://tallermap.es/municipios/la-romana-03114.html
la Salzadella;12098;municipios/la-salzadella-12098.html;https://tallermap.es/municipios/la-salzadella-12098.html
la Serratella;12103;municipios/la-serratella-12103.html;https://tallermap.es/municipios/la-serratella-12103.html
la Torre de les Maçanes/Torremanzanas;03132;municipios/la-torre-de-les-macanes-torremanzanas-03132.html;https://tallermap.es/municipios/la-torre-de-les-macanes-torremanzanas-03132.html
la Torre d'en Besora;12119;municipios/la-torre-den-besora-12119.html;https://tallermap.es/municipios/la-torre-den-besora-12119.html
la Torre d'en Doménec;12120;municipios/la-torre-den-domenec-12120.html;https://tallermap.es/municipios/la-torre-den-domenec-12120.html
l'Atzúbia;03001;municipios/latzubia-03001.html;https://tallermap.es/municipios/latzubia-03001.html
la Vall d'Alcalà;03134;municipios/la-vall-dalcala-03134.html;https://tallermap.es/municipios/la-vall-dalcala-03134.html
la Vall d'Ebo;03135;municipios/la-vall-debo-03135.html;https://tallermap.es/municipios/la-vall-debo-03135.html
la Vall de Gallinera;03136;municipios/la-vall-de-gallinera-03136.html;https://tallermap.es/municipios/la-vall-de-gallinera-03136.html
la Vall de Laguar;03137;municipios/la-vall-de-laguar-03137.html;https://tallermap.es/municipios/la-vall-de-laguar-03137.html
la Vall d'Uixó;12126;municipios/la-vall-duixo-12126.html;https://tallermap.es/municipios/la-vall-duixo-12126.html
la Vila Joiosa/Villajoyosa;03139;municipios/la-vila-joiosa-villajoyosa-03139.html;https://tallermap.es/municipios/la-vila-joiosa-villajoyosa-03139.html
la Vilavella;12136;municipios/la-vilavella-12136.html;https://tallermap.es/municipios/la-vilavella-12136.html
La Yesa;46262;municipios/la-yesa-46262.html;https://tallermap.es/municipios/la-yesa-46262.html
l'Eliana;46116;municipios/leliana-46116.html;https://tallermap.es/municipios/leliana-46116.html
l'Énova;46119;municipios/lenova-46119.html;https://tallermap.es/municipios/lenova-46119.html
les Alqueries/Alquerías del Niño Perdido;12901;municipios/les-alqueries-alquerias-del-nino-perdido-12901.html;https://tallermap.es/municipios/les-alqueries-alquerias-del-nino-perdido-12901.html
les Coves de Vinromà;12050;municipios/les-coves-de-vinroma-12050.html;https://tallermap.es/municipios/les-coves-de-vinroma-12050.html
les Useres/Useras;12122;municipios/les-useres-useras-12122.html;https://tallermap.es/municipios/les-useres-useras-12122.html
Llanera de Ranes;46154;municipios/llanera-de-ranes-46154.html;https://tallermap.es/municipios/llanera-de-ranes-46154.html
Llaurí;46155;municipios/llauri-46155.html;https://tallermap.es/municipios/llauri-46155.html
Llíber;03085;municipios/lliber-03085.html;https://tallermap.es/municipios/lliber-03085.html
Llíria;46147;municipios/lliria-46147.html;https://tallermap.es/municipios/lliria-46147.html
Llocnou de la Corona;46152;municipios/llocnou-de-la-corona-46152.html;https://tallermap.es/municipios/llocnou-de-la-corona-46152.html
Llocnou d'En Fenollet;46151;municipios/llocnou-den-fenollet-46151.html;https://tallermap.es/municipios/llocnou-den-fenollet-46151.html
Llocnou de Sant Jeroni;46153;municipios/llocnou-de-sant-jeroni-46153.html;https://tallermap.es/municipios/llocnou-de-sant-jeroni-46153.html
Llombai;46156;municipios/llombai-46156.html;https://tallermap.es/municipios/llombai-46156.html
Llucena/Lucena del Cid;12072;municipios/llucena-lucena-del-cid-12072.html;https://tallermap.es/municipios/llucena-lucena-del-cid-12072.html
Llutxent;46150;municipios/llutxent-46150.html;https://tallermap.es/municipios/llutxent-46150.html
l'Olleria;46183;municipios/lolleria-46183.html;https://tallermap.es/municipios/lolleria-46183.html
Loriguilla;46148;municipios/loriguilla-46148.html;https://tallermap.es/municipios/loriguilla-46148.html
l'Orxa/Lorcha;03084;municipios/lorxa-lorcha-03084.html;https://tallermap.es/municipios/lorxa-lorcha-03084.html
Losa del Obispo;46149;municipios/losa-del-obispo-46149.html;https://tallermap.es/municipios/losa-del-obispo-46149.html
Los Montesinos;03903;municipios/los-montesinos-03903.html;https://tallermap.es/municipios/los-montesinos-03903.html
Ludiente;12073;municipios/ludiente-12073.html;https://tallermap.es/municipios/ludiente-12073.html
Macastre;46158;municipios/macastre-46158.html;https://tallermap.es/municipios/macastre-46158.html
Manises;46159;municipios/manises-46159.html;https://tallermap.es/municipios/manises-46159.html
Manuel;46160;municipios/manuel-46160.html;https://tallermap.es/municipios/manuel-46160.html
Marines;46161;municipios/marines-46161.html;https://tallermap.es/municipios/marines-46161.html
Massalavés;46162;municipios/massalaves-46162.html;https://tallermap.es/municipios/massalaves-46162.html
Massalfassar;46163;municipios/massalfassar-46163.html;https://tallermap.es/municipios/massalfassar-46163.html
Massamagrell;46164;municipios/massamagrell-46164.html;https://tallermap.es/municipios/massamagrell-46164.html
Massanassa;46165;municipios/massanassa-46165.html;https://tallermap.es/municipios/massanassa-46165.html
Matet;12076;municipios/matet-12076.html;https://tallermap.es/municipios/matet-12076.html
Meliana;46166;municipios/meliana-46166.html;https://tallermap.es/municipios/meliana-46166.html
Millares;46167;municipios/millares-46167.html;https://tallermap.es/municipios/millares-46167.html
Millena;03086;municipios/millena-03086.html;https://tallermap.es/municipios/millena-03086.html
Miramar;46168;municipios/miramar-46168.html;https://tallermap.es/municipios/miramar-46168.html
Mislata;46169;municipios/mislata-46169.html;https://tallermap.es/municipios/mislata-46169.html
Moixent/Mogente;46170;municipios/moixent-mogente-46170.html;https://tallermap.es/municipios/moixent-mogente-46170.html
Moncofa;12077;municipios/moncofa-12077.html;https://tallermap.es/municipios/moncofa-12077.html
Monforte del Cid;03088;municipios/monforte-del-cid-03088.html;https://tallermap.es/municipios/monforte-del-cid-03088.html
Monòver/Monóvar;03089;municipios/monover-monovar-03089.html;https://tallermap.es/municipios/monover-monovar-03089.html
Montán;12078;municipios/montan-12078.html;https://tallermap.es/municipios/montan-12078.html
Montanejos;12079;municipios/montanejos-12079.html;https://tallermap.es/municipios/montanejos-12079.html
Montaverner;46173;municipios/montaverner-46173.html;https://tallermap.es/municipios/montaverner-46173.html
Montcada/Moncada;46171;municipios/montcada-moncada-46171.html;https://tallermap.es/municipios/montcada-moncada-46171.html
Montesa;46174;municipios/montesa-46174.html;https://tallermap.es/municipios/montesa-46174.html
Montitxelvo/Montichelvo;46175;municipios/montitxelvo-montichelvo-46175.html;https://tallermap.es/municipios/montitxelvo-montichelvo-46175.html
Montroi/Montroy;46176;municipios/montroi-montroy-46176.html;https://tallermap.es/municipios/montroi-montroy-46176.html
Montserrat;46172;municipios/montserrat-46172.html;https://tallermap.es/municipios/montserrat-46172.html
Morella;12080;municipios/morella-12080.html;https://tallermap.es/municipios/morella-12080.html
Murla;03091;municipios/murla-03091.html;https://tallermap.es/municipios/murla-03091.html
Muro de Alcoy;03092;municipios/muro-de-alcoy-03092.html;https://tallermap.es/municipios/muro-de-alcoy-03092.html
Museros;46177;municipios/museros-46177.html;https://tallermap.es/municipios/museros-46177.html
Mutxamel;03090;municipios/mutxamel-03090.html;https://tallermap.es/municipios/mutxamel-03090.html
Nàquera/Náquera;46178;municipios/naquera-naquera-46178.html;https://tallermap.es/municipios/naquera-naquera-46178.html
Navajas;12081;municipios/navajas-12081.html;https://tallermap.es/municipios/navajas-12081.html
Navarrés;46179;municipios/navarres-46179.html;https://tallermap.es/municipios/navarres-46179.html
Novelda;03093;municipios/novelda-03093.html;https://tallermap.es/municipios/novelda-03093.html
Novetlè;46180;municipios/novetle-46180.html;https://tallermap.es/municipios/novetle-46180.html
Nules;12082;municipios/nules-12082.html;https://tallermap.es/municipios/nules-12082.html
Oliva;46181;municipios/oliva-46181.html;https://tallermap.es/municipios/oliva-46181.html
Olocau;46182;municipios/olocau-46182.html;https://tallermap.es/municipios/olocau-46182.html
Olocau del Rey;12083;municipios/olocau-del-rey-12083.html;https://tallermap.es/municipios/olocau-del-rey-12083.html
Onda;12084;municipios/onda-12084.html;https://tallermap.es/municipios/onda-12084.html
Ondara;03095;municipios/ondara-03095.html;https://tallermap.es/municipios/ondara-03095.html
Onil;03096;municipios/onil-03096.html;https://tallermap.es/municipios/onil-03096.html
Ontinyent;46184;municipios/ontinyent-46184.html;https://tallermap.es/municipios/ontinyent-46184.html
Orba;03097;municipios/orba-03097.html;https://tallermap.es/municipios/orba-03097.html
Orihuela;03099;municipios/orihuela-03099.html;https://tallermap.es/municipios/orihuela-03099.html
Orpesa/Oropesa del Mar;12085;municipios/orpesa-oropesa-del-mar-12085.html;https://tallermap.es/municipios/orpesa-oropesa-del-mar-12085.html
Orxeta;03098;municipios/orxeta-03098.html;https://tallermap.es/municipios/orxeta-03098.html
Otos;46185;municipios/otos-46185.html;https://tallermap.es/municipios/otos-46185.html
Paiporta;46186;municipios/paiporta-46186.html;https://tallermap.es/municipios/paiporta-46186.html
Palanques;12087;municipios/palanques-12087.html;https://tallermap.es/municipios/palanques-12087.html
Palma de Gandía;46187;municipios/palma-de-gandia-46187.html;https://tallermap.es/municipios/palma-de-gandia-46187.html
Palmera;46188;municipios/palmera-46188.html;https://tallermap.es/municipios/palmera-46188.html
Parcent;03100;municipios/parcent-03100.html;https://tallermap.es/municipios/parcent-03100.html
Paterna;46190;municipios/paterna-46190.html;https://tallermap.es/municipios/paterna-46190.html
Pavías;12088;municipios/pavias-12088.html;https://tallermap.es/municipios/pavias-12088.html
Pedralba;46191;municipios/pedralba-46191.html;https://tallermap.es/municipios/pedralba-46191.html
Pedreguer;03101;municipios/pedreguer-03101.html;https://tallermap.es/municipios/pedreguer-03101.html
Pego;03102;municipios/pego-03102.html;https://tallermap.es/municipios/pego-03102.html
Penàguila;03103;municipios/penaguila-03103.html;https://tallermap.es/municipios/penaguila-03103.html
Peníscola/Peñíscola;12089;municipios/peniscola-peniscola-12089.html;https://tallermap.es/municipios/peniscola-peniscola-12089.html
Petrer;03104;municipios/petrer-03104.html;https://tallermap.es/municipios/petrer-03104.html
Petrés;46192;municipios/petres-46192.html;https://tallermap.es/municipios/petres-46192.html
Picanya;46193;municipios/picanya-46193.html;https://tallermap.es/municipios/picanya-46193.html
Picassent;46194;municipios/picassent-46194.html;https://tallermap.es/municipios/picassent-46194.html
Pilar de la Horadada;03902;municipios/pilar-de-la-horadada-03902.html;https://tallermap.es/municipios/pilar-de-la-horadada-03902.html
Piles;46195;municipios/piles-46195.html;https://tallermap.es/municipios/piles-46195.html
Pina de Montalgrao;12090;municipios/pina-de-montalgrao-12090.html;https://tallermap.es/municipios/pina-de-montalgrao-12090.html
Pinet;46196;municipios/pinet-46196.html;https://tallermap.es/municipios/pinet-46196.html
Planes;03106;municipios/planes-03106.html;https://tallermap.es/municipios/planes-03106.html
Polinyà de Xúquer;46197;municipios/polinya-de-xuquer-46197.html;https://tallermap.es/municipios/polinya-de-xuquer-46197.html
Polop;03107;municipios/polop-03107.html;https://tallermap.es/municipios/polop-03107.html
Portell de Morella;12091;municipios/portell-de-morella-12091.html;https://tallermap.es/municipios/portell-de-morella-12091.html
Potries;46198;municipios/potries-46198.html;https://tallermap.es/municipios/potries-46198.html
Puçol;46205;municipios/pucol-46205.html;https://tallermap.es/municipios/pucol-46205.html
Puebla de Arenoso;12092;municipios/puebla-de-arenoso-12092.html;https://tallermap.es/municipios/puebla-de-arenoso-12092.html
Puebla de San Miguel;46201;municipios/puebla-de-san-miguel-46201.html;https://tallermap.es/municipios/puebla-de-san-miguel-46201.html
Quart de les Valls;46101;municipios/quart-de-les-valls-46101.html;https://tallermap.es/municipios/quart-de-les-valls-46101.html
Quart de Poblet;46102;municipios/quart-de-poblet-46102.html;https://tallermap.es/municipios/quart-de-poblet-46102.html
Quartell;46103;municipios/quartell-46103.html;https://tallermap.es/municipios/quartell-46103.html
Quatretonda;46104;municipios/quatretonda-46104.html;https://tallermap.es/municipios/quatretonda-46104.html
Quatretondeta;03060;municipios/quatretondeta-03060.html;https://tallermap.es/municipios/quatretondeta-03060.html
Quesa;46206;municipios/quesa-46206.html;https://tallermap.es/municipios/quesa-46206.html
Rafal;03109;municipios/rafal-03109.html;https://tallermap.es/municipios/rafal-03109.html
Rafelbunyol;46207;municipios/rafelbunyol-46207.html;https://tallermap.es/municipios/rafelbunyol-46207.html
Rafelcofer;46208;municipios/rafelcofer-46208.html;https://tallermap.es/municipios/rafelcofer-46208.html
Rafelguaraf;46209;municipios/rafelguaraf-46209.html;https://tallermap.es/municipios/rafelguaraf-46209.html
Ráfol de Salem;46210;municipios/rafol-de-salem-46210.html;https://tallermap.es/municipios/rafol-de-salem-46210.html
Real;46212;municipios/real-46212.html;https://tallermap.es/municipios/real-46212.html
Redován;03111;municipios/redovan-03111.html;https://tallermap.es/municipios/redovan-03111.html
Relleu;03112;municipios/relleu-03112.html;https://tallermap.es/municipios/relleu-03112.html
Requena;46213;municipios/requena-46213.html;https://tallermap.es/municipios/requena-46213.html
Riba-roja de Túria;46214;municipios/riba-roja-de-turia-46214.html;https://tallermap.es/municipios/riba-roja-de-turia-46214.html
Ribesalbes;12095;municipios/ribesalbes-12095.html;https://tallermap.es/municipios/ribesalbes-12095.html
Riola;46215;municipios/riola-46215.html;https://tallermap.es/municipios/riola-46215.html
Rocafort;46216;municipios/rocafort-46216.html;https://tallermap.es/municipios/rocafort-46216.html
Rojales;03113;municipios/rojales-03113.html;https://tallermap.es/municipios/rojales-03113.html
Rossell;12096;municipios/rossell-12096.html;https://tallermap.es/municipios/rossell-12096.html
Rotglà i Corberà;46217;municipios/rotgla-i-corbera-46217.html;https://tallermap.es/municipios/rotgla-i-corbera-46217.html
Ròtova;46218;municipios/rotova-46218.html;https://tallermap.es/municipios/rotova-46218.html
Rugat;46219;municipios/rugat-46219.html;https://tallermap.es/municipios/rugat-46219.html
Sacañet;12097;municipios/sacanet-12097.html;https://tallermap.es/municipios/sacanet-12097.html
Sagra;03115;municipios/sagra-03115.html;https://tallermap.es/municipios/sagra-03115.html
Sagunt/Sagunto;46220;municipios/sagunt-sagunto-46220.html;https://tallermap.es/municipios/sagunt-sagunto-46220.html
Salem;46221;municipios/salem-46221.html;https://tallermap.es/municipios/salem-46221.html
Salinas;03116;municipios/salinas-03116.html;https://tallermap.es/municipios/salinas-03116.html
San Antonio de Benagéber;46903;municipios/san-antonio-de-benageber-46903.html;https://tallermap.es/municipios/san-antonio-de-benageber-46903.html
Sanet y Negrals;03117;municipios/sanet-y-negrals-03117.html;https://tallermap.es/municipios/sanet-y-negrals-03117.html
San Fulgencio;03118;municipios/san-fulgencio-03118.html;https://tallermap.es/municipios/san-fulgencio-03118.html
San Isidro;03904;municipios/san-isidro-03904.html;https://tallermap.es/municipios/san-isidro-03904.html
San Miguel de Salinas;03120;municipios/san-miguel-de-salinas-03120.html;https://tallermap.es/municipios/san-miguel-de-salinas-03120.html
San Rafael del Río;12101;municipios/san-rafael-del-rio-12101.html;https://tallermap.es/municipios/san-rafael-del-rio-12101.html
Santa Magdalena de Pulpis;12102;municipios/santa-magdalena-de-pulpis-12102.html;https://tallermap.es/municipios/santa-magdalena-de-pulpis-12102.html
Santa Pola;03121;municipios/santa-pola-03121.html;https://tallermap.es/municipios/santa-pola-03121.html
Sant Joan d'Alacant;03119;municipios/sant-joan-dalacant-03119.html;https://tallermap.es/municipios/sant-joan-dalacant-03119.html
Sant Joan de Moró;12902;municipios/sant-joan-de-moro-12902.html;https://tallermap.es/municipios/sant-joan-de-moro-12902.html
Sant Joanet;46222;municipios/sant-joanet-46222.html;https://tallermap.es/municipios/sant-joanet-46222.html
Sant Jordi/San Jorge;12099;municipios/sant-jordi-san-jorge-12099.html;https://tallermap.es/municipios/sant-jordi-san-jorge-12099.html
Sant Mateu;12100;municipios/sant-mateu-12100.html;https://tallermap.es/municipios/sant-mateu-12100.html
Sant Vicent del Raspeig/San Vicente del Raspeig;03122;municipios/sant-vicent-del-raspeig-san-vicente-del-raspeig-03122.html;https://tallermap.es/municipios/sant-vicent-del-raspeig-san-vicente-del-raspeig-03122.html
Sax;03123;municipios/sax-03123.html;https://tallermap.es/municipios/sax-03123.html
Sedaví;46223;municipios/sedavi-46223.html;https://tallermap.es/municipios/sedavi-46223.html
Segart;46224;municipios/segart-46224.html;https://tallermap.es/municipios/segart-46224.html
Segorbe;12104;municipios/segorbe-12104.html;https://tallermap.es/municipios/segorbe-12104.html
Sella;03124;municipios/sella-03124.html;https://tallermap.es/municipios/sella-03124.html
Sellent;46225;municipios/sellent-46225.html;https://tallermap.es/municipios/sellent-46225.html
Sempere;46226;municipios/sempere-46226.html;https://tallermap.es/municipios/sempere-46226.html
Senija;03125;municipios/senija-03125.html;https://tallermap.es/municipios/senija-03125.html
Senyera;46227;municipios/senyera-46227.html;https://tallermap.es/municipios/senyera-46227.html
Serra;46228;municipios/serra-46228.html;https://tallermap.es/municipios/serra-46228.html
Sierra Engarcerán;12105;municipios/sierra-engarceran-12105.html;https://tallermap.es/municipios/sierra-engarceran-12105.html
Siete Aguas;46229;municipios/siete-aguas-46229.html;https://tallermap.es/municipios/siete-aguas-46229.html
Silla;46230;municipios/silla-46230.html;https://tallermap.es/municipios/silla-46230.html
Simat de la Valldigna;46231;municipios/simat-de-la-valldigna-46231.html;https://tallermap.es/municipios/simat-de-la-valldigna-46231.html
Sinarcas;46232;municipios/sinarcas-46232.html;https://tallermap.es/municipios/sinarcas-46232.html
Sollana;46233;municipios/sollana-46233.html;https://tallermap.es/municipios/sollana-46233.html
Soneja;12106;municipios/soneja-12106.html;https://tallermap.es/municipios/soneja-12106.html
Sot de Chera;46234;municipios/sot-de-chera-46234.html;https://tallermap.es/municipios/sot-de-chera-46234.html
Sot de Ferrer;12107;municipios/sot-de-ferrer-12107.html;https://tallermap.es/municipios/sot-de-ferrer-12107.html
Sueca;46235;municipios/sueca-46235.html;https://tallermap.es/municipios/sueca-46235.html
Suera/Sueras;12108;municipios/suera-sueras-12108.html;https://tallermap.es/municipios/suera-sueras-12108.html
Sumacàrcer;46236;municipios/sumacarcer-46236.html;https://tallermap.es/municipios/sumacarcer-46236.html
Tales;12109;municipios/tales-12109.html;https://tallermap.es/municipios/tales-12109.html
Tàrbena;03127;municipios/tarbena-03127.html;https://tallermap.es/municipios/tarbena-03127.html
Tavernes Blanques;46237;municipios/tavernes-blanques-46237.html;https://tallermap.es/municipios/tavernes-blanques-46237.html
Tavernes de la Valldigna;46238;municipios/tavernes-de-la-valldigna-46238.html;https://tallermap.es/municipios/tavernes-de-la-valldigna-46238.html
Teresa;12110;municipios/teresa-12110.html;https://tallermap.es/municipios/teresa-12110.html
Teresa de Cofrentes;46239;municipios/teresa-de-cofrentes-46239.html;https://tallermap.es/municipios/teresa-de-cofrentes-46239.html
Terrateig;46240;municipios/terrateig-46240.html;https://tallermap.es/municipios/terrateig-46240.html
Teulada;03128;municipios/teulada-03128.html;https://tallermap.es/municipios/teulada-03128.html
Tibi;03129;municipios/tibi-03129.html;https://tallermap.es/municipios/tibi-03129.html
Tírig;12111;municipios/tirig-12111.html;https://tallermap.es/municipios/tirig-12111.html
Titaguas;46241;municipios/titaguas-46241.html;https://tallermap.es/municipios/titaguas-46241.html
Todolella;12112;municipios/todolella-12112.html;https://tallermap.es/municipios/todolella-12112.html
Toga;12113;municipios/toga-12113.html;https://tallermap.es/municipios/toga-12113.html
Tollos;03130;municipios/tollos-03130.html;https://tallermap.es/municipios/tollos-03130.html
Torás;12114;municipios/toras-12114.html;https://tallermap.es/municipios/toras-12114.html
Tormos;03131;municipios/tormos-03131.html;https://tallermap.es/municipios/tormos-03131.html
Torralba del Pinar;12116;municipios/torralba-del-pinar-12116.html;https://tallermap.es/municipios/torralba-del-pinar-12116.html
Torrebaja;46242;municipios/torrebaja-46242.html;https://tallermap.es/municipios/torrebaja-46242.html
Torreblanca;12117;municipios/torreblanca-12117.html;https://tallermap.es/municipios/torreblanca-12117.html
Torrechiva;12118;municipios/torrechiva-12118.html;https://tallermap.es/municipios/torrechiva-12118.html
Torrella;46243;municipios/torrella-46243.html;https://tallermap.es/municipios/torrella-46243.html
Torrent;46244;municipios/torrent-46244.html;https://tallermap.es/municipios/torrent-46244.html
Torres Torres;46245;municipios/torres-torres-46245.html;https://tallermap.es/municipios/torres-torres-46245.html
Torrevieja;03133;municipios/torrevieja-03133.html;https://tallermap.es/municipios/torrevieja-03133.html
Tous;46246;municipios/tous-46246.html;https://tallermap.es/municipios/tous-46246.html
Traiguera;12121;municipios/traiguera-12121.html;https://tallermap.es/municipios/traiguera-12121.html
Tuéjar;46247;municipios/tuejar-46247.html;https://tallermap.es/municipios/tuejar-46247.html
Turís;46248;municipios/turis-46248.html;https://tallermap.es/municipios/turis-46248.html
Utiel;46249;municipios/utiel-46249.html;https://tallermap.es/municipios/utiel-46249.html
València;46250;municipios/valencia-46250.html;https://tallermap.es/municipios/valencia-46250.html
Vallada;46251;municipios/vallada-46251.html;https://tallermap.es/municipios/vallada-46251.html
Vallanca;46252;municipios/vallanca-46252.html;https://tallermap.es/municipios/vallanca-46252.html
Vallat;12123;municipios/vallat-12123.html;https://tallermap.es/municipios/vallat-12123.html
Vall d'Alba;12124;municipios/vall-dalba-12124.html;https://tallermap.es/municipios/vall-dalba-12124.html
Vall de Almonacid;12125;municipios/vall-de-almonacid-12125.html;https://tallermap.es/municipios/vall-de-almonacid-12125.html
Vallés;46253;municipios/valles-46253.html;https://tallermap.es/municipios/valles-46253.html
Vallibona;12127;municipios/vallibona-12127.html;https://tallermap.es/municipios/vallibona-12127.html
Venta del Moro;46254;municipios/venta-del-moro-46254.html;https://tallermap.es/municipios/venta-del-moro-46254.html
Vilafamés;12128;municipios/vilafames-12128.html;https://tallermap.es/municipios/vilafames-12128.html
Vilafranca/Villafranca del Cid;12129;municipios/vilafranca-villafranca-del-cid-12129.html;https://tallermap.es/municipios/vilafranca-villafranca-del-cid-12129.html
Vilallonga/Villalonga;46255;municipios/vilallonga-villalonga-46255.html;https://tallermap.es/municipios/vilallonga-villalonga-46255.html
Vilamarxant;46256;municipios/vilamarxant-46256.html;https://tallermap.es/municipios/vilamarxant-46256.html
Vilanova d'Alcolea;12132;municipios/vilanova-dalcolea-12132.html;https://tallermap.es/municipios/vilanova-dalcolea-12132.html
Vilar de Canes;12134;municipios/vilar-de-canes-12134.html;https://tallermap.es/municipios/vilar-de-canes-12134.html
Vila-real;12135;municipios/vila-real-12135.html;https://tallermap.es/municipios/vila-real-12135.html
Villahermosa del Río;12130;municipios/villahermosa-del-rio-12130.html;https://tallermap.es/municipios/villahermosa-del-rio-12130.html
Villamalur;12131;municipios/villamalur-12131.html;https://tallermap.es/municipios/villamalur-12131.html
Villanueva de Viver;12133;municipios/villanueva-de-viver-12133.html;https://tallermap.es/municipios/villanueva-de-viver-12133.html
Villar del Arzobispo;46258;municipios/villar-del-arzobispo-46258.html;https://tallermap.es/municipios/villar-del-arzobispo-46258.html
Villargordo del Cabriel;46259;municipios/villargordo-del-cabriel-46259.html;https://tallermap.es/municipios/villargordo-del-cabriel-46259.html
Villena;03140;municipios/villena-03140.html;https://tallermap.es/municipios/villena-03140.html
Villores;12137;municipios/villores-12137.html;https://tallermap.es/municipios/villores-12137.html
Vinalesa;46260;municipios/vinalesa-46260.html;https://tallermap.es/municipios/vinalesa-46260.html
Vinaròs;12138;municipios/vinaros-12138.html;https://tallermap.es/municipios/vinaros-12138.html
Vistabella del Maestrat;12139;municipios/vistabella-del-maestrat-12139.html;https://tallermap.es/municipios/vistabella-del-maestrat-12139.html
Viver;12140;municipios/viver-12140.html;https://tallermap.es/municipios/viver-12140.html
Xàbia/Jávea;03082;municipios/xabia-javea-03082.html;https://tallermap.es/municipios/xabia-javea-03082.html
Xaló;03081;municipios/xalo-03081.html;https://tallermap.es/municipios/xalo-03081.html
Xàtiva;46145;municipios/xativa-46145.html;https://tallermap.es/municipios/xativa-46145.html
Xeraco;46143;municipios/xeraco-46143.html;https://tallermap.es/municipios/xeraco-46143.html
Xeresa;46146;municipios/xeresa-46146.html;https://tallermap.es/municipios/xeresa-46146.html
Xert;12052;municipios/xert-12052.html;https://tallermap.es/municipios/xert-12052.html
Xirivella;46110;municipios/xirivella-46110.html;https://tallermap.es/municipios/xirivella-46110.html
Xixona/Jijona;03083;municipios/xixona-jijona-03083.html;https://tallermap.es/municipios/xixona-jijona-03083.html
Xodos/Chodos;12055;municipios/xodos-chodos-12055.html;https://tallermap.es/municipios/xodos-chodos-12055.html
Yátova;46261;municipios/yatova-46261.html;https://tallermap.es/municipios/yatova-46261.html
Zarra;46263;municipios/zarra-46263.html;https://tallermap.es/municipios/zarra-46263.html
Zorita del Maestrazgo;12141;municipios/zorita-del-maestrazgo-12141.html;https://tallermap.es/municipios/zorita-del-maestrazgo-12141.html
Zucaina;12142;municipios/zucaina-12142.html;https://tallermap.es/municipios/zucaina-12142.html
